"title","content","url","date"
"Climate Change Impact on Global Ecosystems","Climate change poses an unprecedented threat to our planet's ecosystems. 
  Global temperatures have risen significantly over the past century, leading to melting ice caps, 
  rising sea levels, and extreme weather events. Scientists have observed that the Earth's average 
  temperature has increased by approximately 1.1°C since pre-industrial times. This warming has 
  profound effects on biodiversity, agriculture, and human settlements. The Arctic regions are 
  warming twice as fast as the global average, causing permafrost to thaw and releasing additional 
  greenhouse gases. Ocean acidification, another consequence of increased CO2 emissions, threatens 
  marine ecosystems and coral reefs. Renewable energy adoption, forest conservation, and sustainable 
  practices are crucial steps in addressing this global challenge. International cooperation through 
  agreements like the Paris Accord demonstrates the world's commitment to limiting temperature rise 
  to well below 2°C above pre-industrial levels.
  
  The impact of climate change extends beyond environmental concerns. It affects global economies, 
  food security, and human health. Extreme weather events like hurricanes, floods, and droughts 
  are becoming more frequent and intense. Coastal communities face increasing risks from rising seas 
  and stronger storms. Agricultural patterns are shifting, threatening food production in many regions. 
  Climate refugees are becoming a growing humanitarian concern as some areas become uninhabitable due 
  to extreme conditions or resource scarcity.
  
  Scientists emphasize the need for immediate action to reduce greenhouse gas emissions. This includes 
  transitioning to renewable energy sources, improving energy efficiency, protecting forests and oceans, 
  and developing sustainable transportation systems. Individual actions, corporate responsibility, and 
  government policies all play crucial roles in addressing this global challenge. The next decade is 
  considered critical for implementing effective climate action to prevent the most severe impacts of 
  global warming.","sample_article",2025-01-18
